{
    "prepare_queue": {
        "installed": [],
        "uninstalled": []
    },
    "config_munge": {
        "files": {
            "config.xml": {
                "parents": {
                    "/*": [
                        {
                            "xml": "<feature name=\"Badge\"><param name=\"ios-package\" value=\"APPBadge\" /></feature>",
                            "count": 1
                        },
                        {
                            "xml": "<feature name=\"Console\"><param name=\"ios-package\" value=\"CDVLogger\" /></feature>",
                            "count": 1
                        },
                        {
                            "xml": "<feature name=\"Vibration\"><param name=\"ios-package\" value=\"CDVVibration\" /></feature>",
                            "count": 1
                        },
                        {
                            "xml": "<feature name=\"Device\"><param name=\"ios-package\" value=\"CDVDevice\" /></feature>",
                            "count": 1
                        },
                        {
                            "xml": "<feature name=\"BackgroundMode\"><param name=\"ios-package\" value=\"APPBackgroundMode\" /></feature>",
                            "count": 1
                        }
                    ]
                }
            },
            "*-Info.plist": {
                "parents": {
                    "UIBackgroundModes": [
                        {
                            "xml": "<array><string>audio</string></array>",
                            "count": 1
                        }
                    ]
                }
            }
        }
    },
    "installed_plugins": {
        "cordova-plugin-app-event": {
            "PACKAGE_NAME": "de.appplant.cordova.plugin.backgroundmode.example"
        },
        "cordova-plugin-badge": {
            "PACKAGE_NAME": "de.appplant.cordova.plugin.backgroundmode.example"
        },
        "cordova-plugin-console": {
            "PACKAGE_NAME": "de.appplant.cordova.plugin.backgroundmode.example"
        },
        "cordova-plugin-vibration": {
            "PACKAGE_NAME": "de.appplant.cordova.plugin.backgroundmode.example"
        },
        "cordova-plugin-device": {
            "PACKAGE_NAME": "de.appplant.cordova.plugin.backgroundmode.example"
        },
        "cordova-plugin-background-mode": {
            "PACKAGE_NAME": "de.appplant.cordova.plugin.backgroundmode.example"
        }
    },
    "dependent_plugins": {},
    "modules": [
        {
            "id": "cordova-plugin-badge.Badge",
            "file": "plugins/cordova-plugin-badge/www/badge.js",
            "pluginId": "cordova-plugin-badge",
            "clobbers": [
                "plugin.notification.badge",
                "cordova.plugins.notification.badge"
            ]
        },
        {
            "id": "cordova-plugin-console.console",
            "file": "plugins/cordova-plugin-console/www/console-via-logger.js",
            "pluginId": "cordova-plugin-console",
            "clobbers": [
                "console"
            ]
        },
        {
            "id": "cordova-plugin-console.logger",
            "file": "plugins/cordova-plugin-console/www/logger.js",
            "pluginId": "cordova-plugin-console",
            "clobbers": [
                "cordova.logger"
            ]
        },
        {
            "id": "cordova-plugin-vibration.notification",
            "file": "plugins/cordova-plugin-vibration/www/vibration.js",
            "pluginId": "cordova-plugin-vibration",
            "merges": [
                "navigator.notification",
                "navigator"
            ]
        },
        {
            "id": "cordova-plugin-device.device",
            "file": "plugins/cordova-plugin-device/www/device.js",
            "pluginId": "cordova-plugin-device",
            "clobbers": [
                "device"
            ]
        },
        {
            "id": "cordova-plugin-background-mode.BackgroundMode",
            "file": "plugins/cordova-plugin-background-mode/www/background-mode.js",
            "pluginId": "cordova-plugin-background-mode",
            "clobbers": [
                "cordova.plugins.backgroundMode",
                "plugin.backgroundMode"
            ]
        }
    ],
    "plugin_metadata": {
        "cordova-plugin-app-event": "1.2.0",
        "cordova-plugin-badge": "0.7.4",
        "cordova-plugin-console": "1.0.5",
        "cordova-plugin-vibration": "2.1.3",
        "cordova-plugin-device": "1.1.4",
        "cordova-plugin-background-mode": "0.7.2"
    }
}