{
    "prepare_queue": {
        "installed": [],
        "uninstalled": []
    },
    "config_munge": {
        "files": {
            "config.xml": {
                "parents": {
                    "/*": []
                }
            }
        }
    },
    "installed_plugins": {
        "cordova-plugin-app-event": {
            "PACKAGE_NAME": "BackgroundMode"
        },
        "cordova-plugin-badge": {
            "PACKAGE_NAME": "BackgroundMode"
        },
        "cordova-plugin-console": {
            "PACKAGE_NAME": "BackgroundMode"
        },
        "cordova-plugin-vibration": {
            "PACKAGE_NAME": "BackgroundMode"
        },
        "cordova-plugin-device": {
            "PACKAGE_NAME": "BackgroundMode"
        },
        "cordova-plugin-background-mode": {
            "PACKAGE_NAME": "BackgroundMode"
        }
    },
    "dependent_plugins": {},
    "modules": [
        {
            "id": "cordova-plugin-badge.Badge",
            "file": "plugins/cordova-plugin-badge/www/badge.js",
            "pluginId": "cordova-plugin-badge",
            "clobbers": [
                "plugin.notification.badge",
                "cordova.plugins.notification.badge"
            ]
        },
        {
            "id": "cordova-plugin-badge.Badge.Proxy",
            "file": "plugins/cordova-plugin-badge/src/windows/BadgeProxy.js",
            "pluginId": "cordova-plugin-badge",
            "runs": true
        },
        {
            "id": "cordova-plugin-console.logger",
            "file": "plugins/cordova-plugin-console/www/logger.js",
            "pluginId": "cordova-plugin-console",
            "clobbers": [
                "cordova.logger"
            ]
        },
        {
            "id": "cordova-plugin-console.console",
            "file": "plugins/cordova-plugin-console/www/console-via-logger.js",
            "pluginId": "cordova-plugin-console",
            "clobbers": [
                "console"
            ]
        },
        {
            "id": "cordova-plugin-vibration.notification",
            "file": "plugins/cordova-plugin-vibration/www/vibration.js",
            "pluginId": "cordova-plugin-vibration",
            "merges": [
                "navigator.notification",
                "navigator"
            ]
        },
        {
            "id": "cordova-plugin-vibration.VibrationProxy",
            "file": "plugins/cordova-plugin-vibration/src/windows/VibrationProxy.js",
            "pluginId": "cordova-plugin-vibration",
            "runs": true
        },
        {
            "id": "cordova-plugin-device.device",
            "file": "plugins/cordova-plugin-device/www/device.js",
            "pluginId": "cordova-plugin-device",
            "clobbers": [
                "device"
            ]
        },
        {
            "id": "cordova-plugin-device.DeviceProxy",
            "file": "plugins/cordova-plugin-device/src/windows/DeviceProxy.js",
            "pluginId": "cordova-plugin-device",
            "merges": [
                ""
            ]
        },
        {
            "id": "cordova-plugin-background-mode.BackgroundMode",
            "file": "plugins/cordova-plugin-background-mode/www/background-mode.js",
            "pluginId": "cordova-plugin-background-mode",
            "clobbers": [
                "cordova.plugins.backgroundMode",
                "plugin.backgroundMode"
            ]
        }
    ],
    "plugin_metadata": {
        "cordova-plugin-app-event": "1.2.0",
        "cordova-plugin-badge": "0.7.4",
        "cordova-plugin-console": "1.0.5",
        "cordova-plugin-vibration": "2.1.3",
        "cordova-plugin-device": "1.1.4",
        "cordova-plugin-background-mode": "0.7.2"
    }
}